,Y,X,Label,Confidence
0,150,150,CCA,0.29297032952308655
1,150,189,CCA,0.25626763701438904
2,150,228,CCA,0.8332919478416443
3,150,267,CCA,0.6022865176200867
4,150,306,CCA,0.8919627070426941
5,150,345,CCA,0.9995527863502502
6,150,384,CCA,0.9997548460960388
7,150,423,CCA,0.9964748024940491
8,150,462,CCA,0.9469286203384399
9,150,501,CCA,0.9440265893936157
10,150,540,CCA,0.9227059483528137
11,150,579,CCA,0.9866539835929871
12,150,618,CCA,0.921721339225769
13,150,657,Porit,0.9583979249000549
14,150,696,CCA,0.862987220287323
15,150,735,CCA,0.8897929787635803
16,150,774,CCA,0.8692420125007629
17,150,813,CCA,0.8613222241401672
18,150,852,CCA,0.6179474592208862
19,150,891,CCA,0.846074640750885
20,150,930,CCA,0.9179853796958923
21,150,969,CCA,0.9975055456161499
22,150,1008,CCA,0.9962788820266724
23,150,1047,CCA,0.9071915149688721
24,150,1086,CCA,0.2518118619918823
25,150,1125,Macro,0.628684937953949
26,150,1164,CCA,0.6301239728927612
27,150,1203,CCA,0.8670831322669983
28,150,1242,CCA,0.799024224281311
29,150,1281,CCA,0.8364031910896301
30,150,1320,CCA,0.509071409702301
31,150,1359,CCA,0.9579294919967651
32,150,1398,CCA,0.9990392923355103
33,150,1437,CCA,0.9988713264465332
34,150,1476,CCA,0.8471200466156006
35,150,1515,CCA,0.776017427444458
36,150,1554,CCA,0.8956155180931091
37,150,1593,CCA,0.9830260276794434
38,150,1632,CCA,0.8938445448875427
39,150,1671,CCA,0.8780750036239624
40,150,1710,CCA,0.9710028767585754
41,150,1750,CCA,0.9873397946357727
42,189,150,CCA,0.9475616812705994
43,189,189,CCA,0.9842953085899353
44,189,228,CCA,0.9688165187835693
45,189,267,Pavon,0.6233928203582764
46,189,306,Pavon,0.7184107899665833
47,189,345,CCA,0.9972906708717346
48,189,384,CCA,0.9981632828712463
49,189,423,CCA,0.9981794953346252
50,189,462,CCA,0.9955739378929138
51,189,501,CCA,0.9716944694519043
52,189,540,CCA,0.7810033559799194
53,189,579,CCA,0.9671786427497864
54,189,618,Porit,0.6006197929382324
55,189,657,Porit,0.9931795001029968
56,189,696,CCA,0.8246962428092957
57,189,735,CCA,0.8221849799156189
58,189,774,CCA,0.9653105735778809
59,189,813,CCA,0.9557679891586304
60,189,852,CCA,0.9441307783126831
61,189,891,CCA,0.9266507029533386
62,189,930,CCA,0.9141387343406677
63,189,969,CCA,0.9862141013145447
64,189,1008,CCA,0.99982750415802
65,189,1047,Macro,0.4624210596084595
66,189,1086,Macro,0.997363805770874
67,189,1125,Macro,0.9864541888237
68,189,1164,Macro,0.9990648627281189
69,189,1203,CCA,0.9226477742195129
70,189,1242,CCA,0.9966825842857361
71,189,1281,CCA,0.8552118539810181
72,189,1320,CCA,0.779958963394165
73,189,1359,CCA,0.964419424533844
74,189,1398,CCA,0.999972939491272
75,189,1437,CCA,0.9999764561653137
76,189,1476,CCA,0.9921036958694458
77,189,1515,CCA,0.9972373843193054
78,189,1554,CCA,0.9811983108520508
79,189,1593,CCA,0.9972101449966431
80,189,1632,CCA,0.9865788221359253
81,189,1671,CCA,0.8104799389839172
82,189,1710,CCA,0.9975174069404602
83,189,1750,CCA,0.9977123141288757
84,229,150,Acrop,0.5671840310096741
85,229,189,CCA,0.9864049553871155
86,229,228,CCA,0.9695244431495667
87,229,267,CCA,0.9062120318412781
88,229,306,CCA,0.9299963116645813
89,229,345,CCA,0.9876022934913635
90,229,384,CCA,0.9673494696617126
91,229,423,CCA,0.9958937168121338
92,229,462,CCA,0.9821457862854004
93,229,501,CCA,0.9906993508338928
94,229,540,CCA,0.971368670463562
95,229,579,CCA,0.9833921194076538
96,229,618,CCA,0.778755784034729
97,229,657,Porit,0.9136767983436584
98,229,696,CCA,0.9075654745101929
99,229,735,CCA,0.7937901020050049
100,229,774,CCA,0.8674572706222534
101,229,813,CCA,0.9799411296844482
102,229,852,CCA,0.9880113005638123
103,229,891,CCA,0.9948898553848267
104,229,930,CCA,0.9904037117958069
105,229,969,CCA,0.8976131677627563
106,229,1008,CCA,0.9440360069274902
107,229,1047,Macro,0.9997559785842896
108,229,1086,Macro,0.997122585773468
109,229,1125,Macro,0.9899554252624512
110,229,1164,Macro,0.8994480967521667
111,229,1203,CCA,0.986719012260437
112,229,1242,CCA,0.9928810596466064
113,229,1281,CCA,0.17285871505737305
114,229,1320,CCA,0.9646783471107483
115,229,1359,Macro,0.6606350541114807
116,229,1398,CCA,0.1792241632938385
117,229,1437,CCA,0.9988424181938171
118,229,1476,CCA,0.9982151985168457
119,229,1515,CCA,0.9937810301780701
120,229,1554,CCA,0.946596622467041
121,229,1593,CCA,0.9714296460151672
122,229,1632,CCA,0.8714984655380249
123,229,1671,CCA,0.9970595240592957
124,229,1710,CCA,0.9989455342292786
125,229,1750,CCA,0.9998644590377808
126,268,150,CCA,0.9503857493400574
127,268,189,CCA,0.9360466003417969
128,268,228,CCA,0.9658328294754028
129,268,267,CCA,0.9083282351493835
130,268,306,CCA,0.9956681728363037
131,268,345,Pavon,0.9983134269714355
132,268,384,CCA,0.6647255420684814
133,268,423,CCA,0.9970037937164307
134,268,462,CCA,0.9856757521629333
135,268,501,CCA,0.9972956776618958
136,268,540,CCA,0.9597287178039551
137,268,579,CCA,0.9316592216491699
138,268,618,CCA,0.9710036516189575
139,268,657,CCA,0.2426217496395111
140,268,696,CCA,0.09253096580505371
141,268,735,CCA,0.964697003364563
142,268,774,CCA,0.9647460579872131
143,268,813,CCA,0.9659538269042969
144,268,852,CCA,0.9816009402275085
145,268,891,CCA,0.9906013607978821
146,268,930,CCA,0.994955837726593
147,268,969,CCA,0.9979047775268555
148,268,1008,CCA,0.9999456405639648
149,268,1047,CCA,0.9973784685134888
150,268,1086,Macro,0.9968462586402893
151,268,1125,Macro,0.9948250651359558
152,268,1164,CCA,0.9964845180511475
153,268,1203,CCA,0.9956831932067871
154,268,1242,Macro,0.8578591346740723
155,268,1281,Macro,0.971099317073822
156,268,1320,CCA,0.999532163143158
157,268,1359,Macro,0.9744137525558472
158,268,1398,Macro,0.9800804853439331
159,268,1437,Macro,0.4281892478466034
160,268,1476,CCA,0.9360313415527344
161,268,1515,CCA,0.9669468998908997
162,268,1554,CCA,0.9357349276542664
163,268,1593,CCA,0.9387674927711487
164,268,1632,CCA,0.43711233139038086
165,268,1671,CCA,0.9964236617088318
166,268,1710,CCA,0.9988347291946411
167,268,1750,CCA,0.9999626278877258
168,308,150,CCA,0.9900315999984741
169,308,189,CCA,0.9116782546043396
170,308,228,CCA,0.9764279127120972
171,308,267,CCA,0.9751884937286377
172,308,306,CCA,0.9492214918136597
173,308,345,Pavon,0.9988709092140198
174,308,384,CCA,0.9855764508247375
175,308,423,CCA,0.9993771314620972
176,308,462,CCA,0.9668274521827698
177,308,501,CCA,0.9985715746879578
178,308,540,CCA,0.9356356859207153
179,308,579,CCA,0.9588416218757629
180,308,618,CCA,0.9762492775917053
181,308,657,CCA,0.2028971016407013
182,308,696,CCA,0.7613754868507385
183,308,735,CCA,0.9960232973098755
184,308,774,CCA,0.9328703880310059
185,308,813,CCA,0.9480175375938416
186,308,852,CCA,0.9990137219429016
187,308,891,CCA,0.9794697165489197
188,308,930,CCA,0.9777718782424927
189,308,969,CCA,0.9982377886772156
190,308,1008,CCA,0.9999713897705078
191,308,1047,CCA,0.9999839663505554
192,308,1086,CCA,0.5007831454277039
193,308,1125,Macro,0.7122832536697388
194,308,1164,CCA,0.9702516198158264
195,308,1203,CCA,0.9341912269592285
196,308,1242,Macro,0.31907615065574646
197,308,1281,Macro,0.6164988279342651
198,308,1320,CCA,0.4986882209777832
199,308,1359,CCA,0.7929646372795105
200,308,1398,Macro,0.6748924255371094
201,308,1437,Macro,0.32547807693481445
202,308,1476,Macro,0.02270159125328064
203,308,1515,CCA,0.9064677953720093
204,308,1554,CCA,0.8937042951583862
205,308,1593,CCA,0.9359003901481628
206,308,1632,CCA,0.9504899978637695
207,308,1671,CCA,0.9960216283798218
208,308,1710,CCA,0.9995392560958862
209,308,1750,CCA,0.9988226294517517
210,348,150,CCA,0.9967449903488159
211,348,189,CCA,0.9569258689880371
212,348,228,CCA,0.9641494750976562
213,348,267,CCA,0.45711833238601685
214,348,306,CCA,0.7762991786003113
215,348,345,Pavon,0.798651397228241
216,348,384,CCA,0.9787441492080688
217,348,423,CCA,0.9989195466041565
218,348,462,CCA,0.9975470304489136
219,348,501,CCA,0.8459386229515076
220,348,540,CCA,0.12152671813964844
221,348,579,CCA,0.9854414463043213
222,348,618,CCA,0.9842235445976257
223,348,657,CCA,0.74248206615448
224,348,696,CCA,0.9681049585342407
225,348,735,CCA,0.647693395614624
226,348,774,CCA,0.7283844947814941
227,348,813,CCA,0.48873746395111084
228,348,852,CCA,0.972259521484375
229,348,891,CCA,0.9846252202987671
230,348,930,CCA,0.9769701361656189
231,348,969,CCA,0.999678909778595
232,348,1008,CCA,0.8432037234306335
233,348,1047,CCA,0.6027558445930481
234,348,1086,CCA,0.8151613473892212
235,348,1125,Macro,0.9209312200546265
236,348,1164,CCA,0.859477698802948
237,348,1203,CCA,0.9837793707847595
238,348,1242,CCA,0.07023143768310547
239,348,1281,Macro,0.7419672012329102
240,348,1320,CCA,0.392179936170578
241,348,1359,CCA,0.9282258152961731
242,348,1398,CCA,0.9380042552947998
243,348,1437,CCA,0.8283191919326782
244,348,1476,CCA,0.7281181216239929
245,348,1515,Macro,0.5306019186973572
246,348,1554,CCA,0.9295292496681213
247,348,1593,CCA,0.9133060574531555
248,348,1632,CCA,0.975530743598938
249,348,1671,CCA,0.9904625415802002
250,348,1710,CCA,0.9969229102134705
251,348,1750,CCA,0.9991244077682495
252,387,150,CCA,0.9942029118537903
253,387,189,CCA,0.938040018081665
254,387,228,CCA,0.828132688999176
255,387,267,CCA,0.2827244699001312
256,387,306,Turf,0.6046425700187683
257,387,345,CCA,0.42998847365379333
258,387,384,CCA,0.5057549476623535
259,387,423,CCA,0.9114171862602234
260,387,462,Monti,0.9384239912033081
261,387,501,Monti,0.9951704144477844
262,387,540,Monti,0.6110790967941284
263,387,579,Monti,0.7862671613693237
264,387,618,Monti,0.9475460648536682
265,387,657,CCA,0.9343231320381165
266,387,696,CCA,0.9877870082855225
267,387,735,Porit,0.1023038923740387
268,387,774,Pocill,0.9997938871383667
269,387,813,Pocill,0.9999292492866516
270,387,852,Pocill,0.7543267011642456
271,387,891,CCA,0.7851055264472961
272,387,930,CCA,0.9762035012245178
273,387,969,CCA,0.458161860704422
274,387,1008,Macro,0.8716352581977844
275,387,1047,CCA,0.987139880657196
276,387,1086,CCA,0.9914695024490356
277,387,1125,Macro,0.9990354776382446
278,387,1164,Macro,0.998138964176178
279,387,1203,CCA,0.591302216053009
280,387,1242,CCA,0.9988330006599426
281,387,1281,CCA,0.273521363735199
282,387,1320,CCA,0.9999532699584961
283,387,1359,CCA,0.9993806481361389
284,387,1398,CCA,0.9954071640968323
285,387,1437,CCA,0.9995532035827637
286,387,1476,CCA,0.955596923828125
287,387,1515,CCA,0.9031872749328613
288,387,1554,CCA,0.9319127202033997
289,387,1593,CCA,0.9223070740699768
290,387,1632,CCA,0.9554965496063232
291,387,1671,CCA,0.9887778759002686
292,387,1710,CCA,0.9733554720878601
293,387,1750,CCA,0.9834384918212891
294,427,150,CCA,0.9793481826782227
295,427,189,CCA,0.9759834408760071
296,427,228,CCA,0.799020528793335
297,427,267,CCA,0.04090192914009094
298,427,306,CCA,0.0534091591835022
299,427,345,CCA,0.5100622177124023
300,427,384,CCA,0.8471206426620483
301,427,423,CCA,0.9290561079978943
302,427,462,Monti,0.9675089120864868
303,427,501,Monti,0.9500683546066284
304,427,540,Monti,0.9564832448959351
305,427,579,Monti,0.9257115721702576
306,427,618,Monti,0.24875545501708984
307,427,657,CCA,0.92821204662323
308,427,696,CCA,0.9765092730522156
309,427,735,Pocill,0.9998574256896973
310,427,774,Pocill,0.9999053478240967
311,427,813,Pocill,0.9999056458473206
312,427,852,Pocill,0.9999523162841797
313,427,891,CCA,0.9432609677314758
314,427,930,CCA,0.8118194341659546
315,427,969,CCA,0.9197648167610168
316,427,1008,CCA,0.8684972524642944
317,427,1047,Macro,0.9369373321533203
318,427,1086,Macro,0.998871386051178
319,427,1125,Macro,0.9993405342102051
320,427,1164,Macro,0.9997655153274536
321,427,1203,Macro,0.22502774000167847
322,427,1242,CCA,0.9998401999473572
323,427,1281,Macro,0.981303870677948
324,427,1320,CCA,0.9999856352806091
325,427,1359,CCA,0.9995078444480896
326,427,1398,CCA,0.7905257344245911
327,427,1437,CCA,0.9801685810089111
328,427,1476,CCA,0.9927718043327332
329,427,1515,CCA,0.9955099821090698
330,427,1554,CCA,0.9744515419006348
331,427,1593,CCA,0.8102357983589172
332,427,1632,CCA,0.9823707342147827
333,427,1671,CCA,0.963130533695221
334,427,1710,CCA,0.9043387770652771
335,427,1750,CCA,0.8651384115219116
336,466,150,CCA,0.9882568717002869
337,466,189,CCA,0.9970074892044067
338,466,228,CCA,0.9403397440910339
339,466,267,CCA,0.18402227759361267
340,466,306,CCA,0.27923816442489624
341,466,345,Acrop,0.862583577632904
342,466,384,Acrop,0.9302306175231934
343,466,423,Acrop,0.9229785203933716
344,466,462,CCA,0.9289646744728088
345,466,501,Monti,0.5120542049407959
346,466,540,Monti,0.9963733553886414
347,466,579,Monti,0.9983008503913879
348,466,618,Monti,0.8424272537231445
349,466,657,CCA,0.6409899592399597
350,466,696,CCA,0.8938615322113037
351,466,735,CCA,0.4974115490913391
352,466,774,Pocill,0.9998974800109863
353,466,813,Pocill,0.9999358654022217
354,466,852,Pocill,0.9914385676383972
355,466,891,CCA,0.9929938316345215
356,466,930,CCA,0.9980990886688232
357,466,969,CCA,0.9997826814651489
358,466,1008,CCA,0.9470885992050171
359,466,1047,CCA,0.9243746995925903
360,466,1086,Macro,0.9982485771179199
361,466,1125,CCA,0.2739725410938263
362,466,1164,Macro,0.9982092976570129
363,466,1203,Macro,0.31540367007255554
364,466,1242,Macro,0.9905598163604736
365,466,1281,CCA,0.07786303758621216
366,466,1320,Macro,0.9995529055595398
367,466,1359,Macro,0.998494029045105
368,466,1398,CCA,0.30364990234375
369,466,1437,CCA,0.6404913067817688
370,466,1476,CCA,0.9895780086517334
371,466,1515,CCA,0.9995739459991455
372,466,1554,CCA,0.9995284080505371
373,466,1593,CCA,0.9510747194290161
374,466,1632,CCA,0.9134748578071594
375,466,1671,CCA,0.9740542769432068
376,466,1710,CCA,0.9909910559654236
377,466,1750,CCA,0.983574390411377
378,506,150,CCA,0.7400236129760742
379,506,189,CCA,0.8994415402412415
380,506,228,Acrop,0.9410697817802429
381,506,267,Acrop,0.9674095511436462
382,506,306,Acrop,0.9388449192047119
383,506,345,Acrop,0.6379709839820862
384,506,384,Acrop,0.9463912844657898
385,506,423,Acrop,0.9681077003479004
386,506,462,CCA,0.5334587097167969
387,506,501,Macro,0.3859863579273224
388,506,540,CCA,0.5653653144836426
389,506,579,CCA,0.9992017149925232
390,506,618,CCA,0.9991645216941833
391,506,657,CCA,0.9350546598434448
392,506,696,CCA,0.9975777268409729
393,506,735,Pocill,0.286798357963562
394,506,774,Pocill,0.9987268447875977
395,506,813,Pocill,0.9991989731788635
396,506,852,CCA,0.5952184200286865
397,506,891,CCA,0.9752957820892334
398,506,930,CCA,0.9960124492645264
399,506,969,CCA,0.9875804781913757
400,506,1008,CCA,0.993126392364502
401,506,1047,Macro,0.9490776658058167
402,506,1086,Macro,0.9810447692871094
403,506,1125,Macro,0.6374000310897827
404,506,1164,Macro,0.9974393844604492
405,506,1203,CCA,0.9994234442710876
406,506,1242,CCA,0.741503119468689
407,506,1281,CCA,0.9998557567596436
408,506,1320,Macro,0.9999198913574219
409,506,1359,CCA,0.9745199680328369
410,506,1398,CCA,0.931469202041626
411,506,1437,CCA,0.9934648871421814
412,506,1476,CCA,0.9902641773223877
413,506,1515,CCA,0.9994166493415833
414,506,1554,CCA,0.9998366236686707
415,506,1593,Pavon,0.916384756565094
416,506,1632,CCA,0.986964225769043
417,506,1671,CCA,0.9934921264648438
418,506,1710,CCA,0.9867573380470276
419,506,1750,CCA,0.9428922533988953
420,546,150,Acrop,0.13533589243888855
421,546,189,Acrop,0.961825430393219
422,546,228,Acrop,0.9883295893669128
423,546,267,Acrop,0.9983903765678406
424,546,306,Acrop,0.9936795234680176
425,546,345,Acrop,0.933020830154419
426,546,384,Acrop,0.9888434410095215
427,546,423,Acrop,0.942367672920227
428,546,462,Acrop,0.46841418743133545
429,546,501,Pavon,0.991296648979187
430,546,540,CCA,0.9300835728645325
431,546,579,CCA,0.9998654127120972
432,546,618,CCA,0.9998689889907837
433,546,657,CCA,0.9989715814590454
434,546,696,CCA,0.9980989694595337
435,546,735,Pocill,0.9167686700820923
436,546,774,Pocill,0.9998109936714172
437,546,813,Pocill,0.9907943606376648
438,546,852,Pocill,0.715295135974884
439,546,891,Pocill,0.9455496072769165
440,546,930,CCA,0.8645449280738831
441,546,969,CCA,0.9383836984634399
442,546,1008,CCA,0.9961681365966797
443,546,1047,CCA,0.9874497056007385
444,546,1086,CCA,0.9290913343429565
445,546,1125,Macro,0.9995248317718506
446,546,1164,Macro,0.9902809858322144
447,546,1203,Macro,0.8983968496322632
448,546,1242,CCA,0.7743439674377441
449,546,1281,CCA,0.9999710917472839
450,546,1320,Macro,0.9180871248245239
451,546,1359,CCA,0.9978207349777222
452,546,1398,CCA,0.9898476004600525
453,546,1437,CCA,0.9993224740028381
454,546,1476,CCA,0.9998602271080017
455,546,1515,CCA,0.9063530564308167
456,546,1554,CCA,0.9945082664489746
457,546,1593,CCA,0.9963794946670532
458,546,1632,CCA,0.9976038336753845
459,546,1671,CCA,0.9998836517333984
460,546,1710,CCA,0.9999368190765381
461,546,1750,CCA,0.9919329881668091
462,585,150,Acrop,0.41258805990219116
463,585,189,Acrop,0.9388687610626221
464,585,228,Acrop,0.9853760600090027
465,585,267,Acrop,0.9798561930656433
466,585,306,Acrop,0.9101802110671997
467,585,345,Acrop,0.9212946891784668
468,585,384,Acrop,0.975813090801239
469,585,423,Acrop,0.8042225241661072
470,585,462,CCA,0.9219005107879639
471,585,501,Pavon,0.43319281935691833
472,585,540,Pavon,0.9397792816162109
473,585,579,CCA,0.9993881583213806
474,585,618,CCA,0.9997758865356445
475,585,657,CCA,0.9976312518119812
476,585,696,CCA,0.992678701877594
477,585,735,Pocill,0.8732889890670776
478,585,774,Pocill,0.9999860525131226
479,585,813,Pocill,0.9999501705169678
480,585,852,Pocill,0.9999711513519287
481,585,891,Pocill,0.9999216198921204
482,585,930,Pocill,0.2961655557155609
483,585,969,CCA,0.9958986043930054
484,585,1008,CCA,0.958795428276062
485,585,1047,CCA,0.9718369841575623
486,585,1086,CCA,0.9999687075614929
487,585,1125,Macro,0.882604718208313
488,585,1164,Macro,0.9869081974029541
489,585,1203,CCA,0.4159713089466095
490,585,1242,Macro,0.2852003574371338
491,585,1281,Macro,0.9955831170082092
492,585,1320,CCA,0.9993943572044373
493,585,1359,CCA,0.9502876400947571
494,585,1398,CCA,0.9725157022476196
495,585,1437,CCA,0.9891558289527893
496,585,1476,CCA,0.9975418448448181
497,585,1515,CCA,0.9718589186668396
498,585,1554,CCA,0.9726957082748413
499,585,1593,CCA,0.6764655113220215
500,585,1632,CCA,0.9948506951332092
501,585,1671,CCA,0.9927265644073486
502,585,1710,CCA,0.9999260902404785
503,585,1750,CCA,0.9953749179840088
504,625,150,CCA,0.19598951935768127
505,625,189,Acrop,0.9625977873802185
506,625,228,Acrop,0.9887468218803406
507,625,267,Acrop,0.9620398879051208
508,625,306,Acrop,0.7113173007965088
509,625,345,Acrop,0.3021612763404846
510,625,384,Acrop,0.9711097478866577
511,625,423,CCA,0.9732654690742493
512,625,462,CCA,0.9978245496749878
513,625,501,Pavon,0.900076150894165
514,625,540,Pavon,0.963525116443634
515,625,579,CCA,0.9913486838340759
516,625,618,CCA,0.9777528047561646
517,625,657,Pavon,0.061398863792419434
518,625,696,Pavon,0.9887130856513977
519,625,735,Pocill,0.9937700629234314
520,625,774,Pocill,0.9998224973678589
521,625,813,Pocill,0.9999794960021973
522,625,852,Pocill,0.9999366998672485
523,625,891,Pocill,0.9985841512680054
524,625,930,CCA,0.3728785514831543
525,625,969,CCA,0.9971662759780884
526,625,1008,CCA,0.9735490679740906
527,625,1047,CCA,0.7478561401367188
528,625,1086,CCA,0.934669017791748
529,625,1125,Macro,0.9937509894371033
530,625,1164,Macro,0.6967639923095703
531,625,1203,CCA,0.970988392829895
532,625,1242,CCA,0.9906880259513855
533,625,1281,CCA,0.854608416557312
534,625,1320,CCA,0.8663307428359985
535,625,1359,CCA,0.36106038093566895
536,625,1398,CCA,0.9689291715621948
537,625,1437,CCA,0.9892406463623047
538,625,1476,CCA,0.8885259628295898
539,625,1515,CCA,0.9578565955162048
540,625,1554,Pocill,0.9997175335884094
541,625,1593,Pocill,0.9993458986282349
542,625,1632,CCA,0.44417402148246765
543,625,1671,Pocill,0.9745307564735413
544,625,1710,Pocill,0.9870978593826294
545,625,1750,CCA,0.9771870970726013
546,664,150,CCA,0.7497140765190125
547,664,189,Acrop,0.8655579090118408
548,664,228,Acrop,0.9762325882911682
549,664,267,Acrop,0.8178247213363647
550,664,306,Acrop,0.09804493188858032
551,664,345,Acrop,0.8015866875648499
552,664,384,CCA,0.5893672108650208
553,664,423,CCA,0.9991738200187683
554,664,462,CCA,0.997236430644989
555,664,501,CCA,0.9957324862480164
556,664,540,CCA,0.9852041006088257
557,664,579,CCA,0.9849145412445068
558,664,618,Pavon,0.18882876634597778
559,664,657,Pavon,0.9996944665908813
560,664,696,Pavon,0.999988317489624
561,664,735,Pocill,0.9997377395629883
562,664,774,Pocill,0.9999181032180786
563,664,813,Pocill,0.9993456602096558
564,664,852,Pocill,0.9988580942153931
565,664,891,Pocill,0.9987044930458069
566,664,930,Pocill,0.9997726678848267
567,664,969,CCA,0.6370925903320312
568,664,1008,CCA,0.7494601607322693
569,664,1047,CCA,0.9608089327812195
570,664,1086,CCA,0.9480998516082764
571,664,1125,CCA,0.9988974332809448
572,664,1164,CCA,0.9999838471412659
573,664,1203,CCA,0.9869779944419861
574,664,1242,CCA,0.9467650651931763
575,664,1281,CCA,0.991329550743103
576,664,1320,CCA,0.8999015092849731
577,664,1359,CCA,0.8886465430259705
578,664,1398,CCA,0.9807978272438049
579,664,1437,CCA,0.9996095299720764
580,664,1476,CCA,0.299679696559906
581,664,1515,Macro,0.44552114605903625
582,664,1554,Pocill,0.974821150302887
583,664,1593,Pocill,0.9999135732650757
584,664,1632,Pocill,0.9999913573265076
585,664,1671,Pocill,0.9998370409011841
586,664,1710,Pocill,0.9999260902404785
587,664,1750,Pocill,0.9430325627326965
588,704,150,Monti,0.02346155047416687
589,704,189,Monti,0.9630659818649292
590,704,228,Monti,0.4985188841819763
591,704,267,Acrop,0.3874821662902832
592,704,306,Acrop,0.5697334408760071
593,704,345,CCA,0.9958329200744629
594,704,384,CCA,0.9983949065208435
595,704,423,CCA,0.9988400936126709
596,704,462,CCA,0.9985877275466919
597,704,501,CCA,0.9865326881408691
598,704,540,CCA,0.8958468437194824
599,704,579,CCA,0.9583683013916016
600,704,618,CCA,0.8889223337173462
601,704,657,Pavon,0.871168851852417
602,704,696,Pavon,0.9997316002845764
603,704,735,Pocill,0.9996432065963745
604,704,774,Pocill,0.9999038577079773
605,704,813,Pocill,0.9999936819076538
606,704,852,Pocill,0.9999688863754272
607,704,891,Pocill,0.8688693046569824
608,704,930,Pocill,0.9999262690544128
609,704,969,Pocill,0.9999871850013733
610,704,1008,Pocill,0.01593881845474243
611,704,1047,CCA,0.9813902378082275
612,704,1086,CCA,0.9988412857055664
613,704,1125,CCA,0.9984243512153625
614,704,1164,CCA,0.9602100253105164
615,704,1203,CCA,0.9498372673988342
616,704,1242,CCA,0.9167323708534241
617,704,1281,CCA,0.8935583233833313
618,704,1320,CCA,0.7985853552818298
619,704,1359,CCA,0.9719870090484619
620,704,1398,CCA,0.9982819557189941
621,704,1437,CCA,0.9937560558319092
622,704,1476,Macro,0.2571291923522949
623,704,1515,Macro,0.04236021637916565
624,704,1554,CCA,0.9584805369377136
625,704,1593,Pocill,0.9999695420265198
626,704,1632,Pocill,0.9996410012245178
627,704,1671,Pocill,0.9998098015785217
628,704,1710,Pocill,0.9998911023139954
629,704,1750,Pocill,0.9987123012542725
630,744,150,Monti,0.8518553972244263
631,744,189,Monti,0.9993072748184204
632,744,228,Monti,0.9997785687446594
633,744,267,CCA,0.31696516275405884
634,744,306,CCA,0.989174485206604
635,744,345,CCA,0.9983106851577759
636,744,384,CCA,0.9883841276168823
637,744,423,CCA,0.9948750138282776
638,744,462,CCA,0.9904770851135254
639,744,501,CCA,0.9908069372177124
640,744,540,CCA,0.8702641129493713
641,744,579,CCA,0.9935554265975952
642,744,618,CCA,0.995781660079956
643,744,657,Pavon,0.886978030204773
644,744,696,Pavon,0.9950485825538635
645,744,735,Pocill,0.9915728569030762
646,744,774,Pocill,0.9999454617500305
647,744,813,Pocill,0.9999829530715942
648,744,852,Pocill,0.9998394250869751
649,744,891,Pocill,0.9998527765274048
650,744,930,Pocill,0.999970018863678
651,744,969,Pocill,0.999967634677887
652,744,1008,Pocill,0.9997217059135437
653,744,1047,CCA,0.08149012923240662
654,744,1086,CCA,0.9979556202888489
655,744,1125,CCA,0.9627755880355835
656,744,1164,Macro,0.12403172254562378
657,744,1203,CCA,0.6017054915428162
658,744,1242,CCA,0.6643471717834473
659,744,1281,CCA,0.5459075570106506
660,744,1320,CCA,0.8297175168991089
661,744,1359,CCA,0.6252623796463013
662,744,1398,CCA,0.8794316053390503
663,744,1437,CCA,0.9768222570419312
664,744,1476,Macro,0.3452065885066986
665,744,1515,CCA,0.9990156888961792
666,744,1554,CCA,0.9960519671440125
667,744,1593,CCA,0.9836179614067078
668,744,1632,Pocill,0.9992615580558777
669,744,1671,Pocill,0.9997485876083374
670,744,1710,Pocill,0.9996989369392395
671,744,1750,CCA,0.6848950386047363
672,783,150,Monti,0.9726713299751282
673,783,189,Monti,0.9998413324356079
674,783,228,Monti,0.9999308586120605
675,783,267,CCA,0.9236474633216858
676,783,306,CCA,0.9832208752632141
677,783,345,CCA,0.9864330291748047
678,783,384,CCA,0.9161970615386963
679,783,423,CCA,0.855191707611084
680,783,462,CCA,0.9891653060913086
681,783,501,CCA,0.9926347732543945
682,783,540,CCA,0.9907638430595398
683,783,579,CCA,0.9948305487632751
684,783,618,CCA,0.9919038414955139
685,783,657,CCA,0.9611907601356506
686,783,696,CCA,0.7804067730903625
687,783,735,CCA,0.35145512223243713
688,783,774,CCA,0.5083430409431458
689,783,813,Pocill,0.99990314245224
690,783,852,Pocill,0.999934732913971
691,783,891,Pocill,0.9999646544456482
692,783,930,Pocill,0.9999731183052063
693,783,969,Pocill,0.9998490214347839
694,783,1008,Pocill,0.9999117851257324
695,783,1047,Pocill,0.999933660030365
696,783,1086,Pocill,0.9993933439254761
697,783,1125,CCA,0.2839767336845398
698,783,1164,CCA,0.2990807890892029
699,783,1203,CCA,0.9666014909744263
700,783,1242,CCA,0.9967300295829773
701,783,1281,CCA,0.9999529123306274
702,783,1320,CCA,0.9652076959609985
703,783,1359,CCA,0.9056424498558044
704,783,1398,CCA,0.9344231486320496
705,783,1437,CCA,0.9889209270477295
706,783,1476,CCA,0.9929344654083252
707,783,1515,CCA,0.9895938038825989
708,783,1554,CCA,0.9649459719657898
709,783,1593,CCA,0.9927917122840881
710,783,1632,Pocill,0.7346989512443542
711,783,1671,Pocill,0.9838327169418335
712,783,1710,Pocill,0.997230589389801
713,783,1750,CCA,0.4356679320335388
714,823,150,Monti,0.8782634139060974
715,823,189,Monti,0.9999188780784607
716,823,228,CCA,0.873193621635437
717,823,267,CCA,0.9682328701019287
718,823,306,CCA,0.9868569374084473
719,823,345,CCA,0.9170644879341125
720,823,384,CCA,0.9182930588722229
721,823,423,CCA,0.9589581489562988
722,823,462,CCA,0.9869852662086487
723,823,501,CCA,0.995998740196228
724,823,540,CCA,0.9993982911109924
725,823,579,CCA,0.9958562850952148
726,823,618,CCA,0.9896237254142761
727,823,657,CCA,0.9525398015975952
728,823,696,CCA,0.6237509846687317
729,823,735,Turf,0.0016847550868988037
730,823,774,CCA,0.1512991189956665
731,823,813,Pocill,0.5746233463287354
732,823,852,Pocill,0.9975437521934509
733,823,891,Pocill,0.9999735951423645
734,823,930,Pocill,0.9999831914901733
735,823,969,Pocill,0.9993354082107544
736,823,1008,Pocill,0.9999094605445862
737,823,1047,Pocill,0.9998993873596191
738,823,1086,Pocill,0.9996267557144165
739,823,1125,CCA,0.6940433979034424
740,823,1164,CCA,0.98125821352005
741,823,1203,CCA,0.99956214427948
742,823,1242,CCA,0.9999881982803345
743,823,1281,CCA,0.9999950528144836
744,823,1320,CCA,0.9999648928642273
745,823,1359,CCA,0.9915041923522949
746,823,1398,CCA,0.9923274517059326
747,823,1437,CCA,0.9822269678115845
748,823,1476,CCA,0.9988696575164795
749,823,1515,CCA,0.999422550201416
750,823,1554,CCA,0.9855918288230896
751,823,1593,Macro,0.9738411903381348
752,823,1632,CCA,0.9699278473854065
753,823,1671,CCA,0.9869725704193115
754,823,1710,CCA,0.9719793796539307
755,823,1750,Macro,0.951891303062439
756,862,150,Monti,0.9577581286430359
757,862,189,CCA,0.32140591740608215
758,862,228,CCA,0.9750776886940002
759,862,267,CCA,0.9806792140007019
760,862,306,CCA,0.9708234667778015
761,862,345,CCA,0.6316224336624146
762,862,384,Pocill,0.9713469743728638
763,862,423,CCA,0.8297806978225708
764,862,462,CCA,0.8968414664268494
765,862,501,CCA,0.9363954663276672
766,862,540,CCA,0.9800958633422852
767,862,579,CCA,0.992500364780426
768,862,618,CCA,0.9857532382011414
769,862,657,CCA,0.9486996531486511
770,862,696,CCA,0.31266582012176514
771,862,735,Turf,0.08168092370033264
772,862,774,CCA,0.7492707371711731
773,862,813,Pocill,0.09088134765625
774,862,852,Pocill,0.9956380724906921
775,862,891,Pocill,0.9999886155128479
776,862,930,Pocill,0.999789834022522
777,862,969,Pocill,0.999944806098938
778,862,1008,Pocill,0.9999457001686096
779,862,1047,Pocill,0.9999829530715942
780,862,1086,Pocill,0.9994189143180847
781,862,1125,Pocill,0.7862192392349243
782,862,1164,CCA,0.9978087544441223
783,862,1203,CCA,0.999643087387085
784,862,1242,CCA,0.999941349029541
785,862,1281,CCA,0.9945690631866455
786,862,1320,CCA,0.9949552416801453
787,862,1359,CCA,0.9574824571609497
788,862,1398,CCA,0.9991207122802734
789,862,1437,CCA,0.9999054074287415
790,862,1476,CCA,0.9997254610061646
791,862,1515,CCA,0.9990264177322388
792,862,1554,CCA,0.96322101354599
793,862,1593,Macro,0.9997013807296753
794,862,1632,Macro,0.051923274993896484
795,862,1671,CCA,0.7819855213165283
796,862,1710,CCA,0.9809890389442444
797,862,1750,Macro,0.9747721552848816
798,902,150,Monti,0.6598085165023804
799,902,189,CCA,0.9854327440261841
800,902,228,CCA,0.976703941822052
801,902,267,CCA,0.8412597179412842
802,902,306,Pocill,0.9368385672569275
803,902,345,Pocill,0.999843418598175
804,902,384,Pocill,0.9999474287033081
805,902,423,Pocill,0.9996410012245178
806,902,462,Pocill,0.9999663829803467
807,902,501,Pocill,0.9999381899833679
808,902,540,CCA,0.2914358079433441
809,902,579,CCA,0.9992135167121887
810,902,618,CCA,0.9920552968978882
811,902,657,CCA,0.9369933605194092
812,902,696,CCA,0.641392707824707
813,902,735,Turf,0.19410327076911926
814,902,774,CCA,0.5223966240882874
815,902,813,CCA,0.6723871231079102
816,902,852,Pocill,0.5402294993400574
817,902,891,Pocill,0.9998824000358582
818,902,930,Pocill,0.9999821782112122
819,902,969,Pocill,0.9992082715034485
820,902,1008,Pocill,0.9995261430740356
821,902,1047,Pocill,0.9998372793197632
822,902,1086,Pocill,0.5873112678527832
823,902,1125,CCA,0.9996495246887207
824,902,1164,CCA,0.9997537732124329
825,902,1203,CCA,0.9998229742050171
826,902,1242,CCA,0.9995626211166382
827,902,1281,CCA,0.8470700979232788
828,902,1320,CCA,0.7738685607910156
829,902,1359,CCA,0.9282804131507874
830,902,1398,CCA,0.9988179206848145
831,902,1437,CCA,0.990696370601654
832,902,1476,CCA,0.9993669986724854
833,902,1515,CCA,0.9920269846916199
834,902,1554,CCA,0.10406768321990967
835,902,1593,Macro,0.9999189376831055
836,902,1632,Macro,0.24731788039207458
837,902,1671,CCA,0.9574025869369507
838,902,1710,CCA,0.9871324300765991
839,902,1750,Macro,0.9998273849487305
840,942,150,Pocill,0.9983808994293213
841,942,189,CCA,0.6575038433074951
842,942,228,CCA,0.9807096719741821
843,942,267,Pocill,0.9992373585700989
844,942,306,Pocill,0.9950434565544128
845,942,345,Pocill,0.9991026520729065
846,942,384,Pocill,0.9997402429580688
847,942,423,Pocill,0.999978244304657
848,942,462,Pocill,0.9999891519546509
849,942,501,Pocill,0.9905041456222534
850,942,540,CCA,0.9266600012779236
851,942,579,CCA,0.9990435838699341
852,942,618,CCA,0.9954254627227783
853,942,657,CCA,0.9364804029464722
854,942,696,CCA,0.8833500742912292
855,942,735,CCA,0.4046003818511963
856,942,774,CCA,0.7647629380226135
857,942,813,CCA,0.9177566170692444
858,942,852,CCA,0.9162774682044983
859,942,891,CCA,0.7126514911651611
860,942,930,Pocill,0.9980193376541138
861,942,969,Pocill,0.9998623132705688
862,942,1008,Pocill,0.9998912215232849
863,942,1047,Pocill,0.7921304106712341
864,942,1086,CCA,0.9964745044708252
865,942,1125,CCA,0.99868243932724
866,942,1164,CCA,0.9990948438644409
867,942,1203,CCA,0.9993914365768433
868,942,1242,CCA,0.9959983229637146
869,942,1281,CCA,0.5623949766159058
870,942,1320,CCA,0.113263338804245
871,942,1359,CCA,0.6702889204025269
872,942,1398,CCA,0.9894402027130127
873,942,1437,CCA,0.9718693494796753
874,942,1476,CCA,0.9929773211479187
875,942,1515,CCA,0.9765757918357849
876,942,1554,CCA,0.8355970978736877
877,942,1593,Macro,0.9999494552612305
878,942,1632,Macro,0.9998915791511536
879,942,1671,Macro,0.9994308352470398
880,942,1710,Macro,0.9997227191925049
881,942,1750,Macro,0.9999463558197021
882,981,150,Pocill,0.999708890914917
883,981,189,Pocill,0.9999736547470093
884,981,228,Pocill,0.9999473094940186
885,981,267,Pocill,0.9996453523635864
886,981,306,Pocill,0.9991075992584229
887,981,345,Pocill,0.9999653697013855
888,981,384,Pocill,0.9997907876968384
889,981,423,Pocill,0.9999704957008362
890,981,462,Pocill,0.9999855160713196
891,981,501,Pocill,0.9999876022338867
892,981,540,Pocill,0.9944536685943604
893,981,579,CCA,0.9755910038948059
894,981,618,CCA,0.9950137138366699
895,981,657,CCA,0.8880475163459778
896,981,696,CCA,0.9527269005775452
897,981,735,CCA,0.9549128413200378
898,981,774,CCA,0.9721781611442566
899,981,813,CCA,0.926916778087616
900,981,852,CCA,0.9090759754180908
901,981,891,CCA,0.9841211438179016
902,981,930,CCA,0.9871181845664978
903,981,969,Pocill,0.8717532753944397
904,981,1008,Pocill,0.8628571629524231
905,981,1047,Pocill,0.697128415107727
906,981,1086,CCA,0.9899731874465942
907,981,1125,CCA,0.9769273996353149
908,981,1164,CCA,0.9847455024719238
909,981,1203,CCA,0.9673357605934143
910,981,1242,CCA,0.7981047034263611
911,981,1281,CCA,0.8229638338088989
912,981,1320,CCA,0.3980846107006073
913,981,1359,CCA,0.4271078109741211
914,981,1398,CCA,0.8397358655929565
915,981,1437,CCA,0.9726526141166687
916,981,1476,CCA,0.9931951761245728
917,981,1515,CCA,0.8775556683540344
918,981,1554,CCA,0.905613124370575
919,981,1593,Macro,0.8505128622055054
920,981,1632,Macro,0.9999575018882751
921,981,1671,Macro,0.999822199344635
922,981,1710,Macro,0.9967837333679199
923,981,1750,Macro,0.9989484548568726
924,1021,150,Pocill,0.9999169707298279
925,1021,189,Pocill,0.999994158744812
926,1021,228,Pocill,0.9988844394683838
927,1021,267,Pocill,0.9992682933807373
928,1021,306,Pocill,0.9508116841316223
929,1021,345,Pocill,0.9759008884429932
930,1021,384,Pocill,0.9936531782150269
931,1021,423,Pocill,0.9996427893638611
932,1021,462,Pocill,0.9999280571937561
933,1021,501,Pocill,0.990267813205719
934,1021,540,CCA,0.4640026092529297
935,1021,579,CCA,0.811474084854126
936,1021,618,CCA,0.911969780921936
937,1021,657,CCA,0.9344241619110107
938,1021,696,CCA,0.39814579486846924
939,1021,735,CCA,0.7528089880943298
940,1021,774,CCA,0.8407787680625916
941,1021,813,CCA,0.9750006198883057
942,1021,852,CCA,0.864194393157959
943,1021,891,CCA,0.9607027173042297
944,1021,930,CCA,0.9927656054496765
945,1021,969,CCA,0.9761461615562439
946,1021,1008,Pocill,0.6574571132659912
947,1021,1047,Pocill,0.162761390209198
948,1021,1086,Pocill,0.2834118604660034
949,1021,1125,Acrop,0.2054230272769928
950,1021,1164,Macro,0.27427539229393005
951,1021,1203,CCA,0.3358551263809204
952,1021,1242,CCA,0.8436813354492188
953,1021,1281,CCA,0.8559034466743469
954,1021,1320,CCA,0.5546281933784485
955,1021,1359,Macro,0.31286272406578064
956,1021,1398,Macro,0.8744159936904907
957,1021,1437,CCA,0.938549280166626
958,1021,1476,CCA,0.9285672903060913
959,1021,1515,CCA,0.9919272661209106
960,1021,1554,CCA,0.8944745063781738
961,1021,1593,Macro,0.7648885250091553
962,1021,1632,Macro,0.9967119097709656
963,1021,1671,Macro,0.9731577634811401
964,1021,1710,Macro,0.7697532773017883
965,1021,1750,Macro,0.8650730848312378
966,1061,150,Pocill,0.9996039271354675
967,1061,189,Pocill,0.9984951019287109
968,1061,228,Pocill,0.9974344372749329
969,1061,267,Pocill,0.9992218613624573
970,1061,306,Pocill,0.9814162850379944
971,1061,345,Pocill,0.9967887997627258
972,1061,384,Pocill,0.7400950193405151
973,1061,423,Pocill,0.999955415725708
974,1061,462,Pocill,0.9999798536300659
975,1061,501,Pocill,0.9715660214424133
976,1061,540,Pocill,0.5523189306259155
977,1061,579,CCA,0.7657428979873657
978,1061,618,Macro,0.07740247249603271
979,1061,657,Sand,0.28050243854522705
980,1061,696,Pocill,0.6033836603164673
981,1061,735,Pocill,0.9602131247520447
982,1061,774,Pocill,0.9993910789489746
983,1061,813,Pocill,0.9912126660346985
984,1061,852,CCA,0.9879003167152405
985,1061,891,CCA,0.9812703132629395
986,1061,930,CCA,0.9973690509796143
987,1061,969,CCA,0.9798393845558167
988,1061,1008,Acrop,0.7782198786735535
989,1061,1047,Acrop,0.9078567028045654
990,1061,1086,Acrop,0.8724805116653442
991,1061,1125,Acrop,0.9881252646446228
992,1061,1164,Acrop,0.9921391606330872
993,1061,1203,CCA,0.35292118787765503
994,1061,1242,CCA,0.8845832943916321
995,1061,1281,CCA,0.9839426875114441
996,1061,1320,CCA,0.8706725835800171
997,1061,1359,CCA,0.7907646894454956
998,1061,1398,CCA,0.7469056248664856
999,1061,1437,CCA,0.863933265209198
1000,1061,1476,CCA,0.9128194451332092
1001,1061,1515,CCA,0.9801737070083618
1002,1061,1554,CCA,0.9755446314811707
1003,1061,1593,CCA,0.9834046959877014
1004,1061,1632,CCA,0.9965800046920776
1005,1061,1671,CCA,0.9997591972351074
1006,1061,1710,CCA,0.6165210604667664
1007,1061,1750,Macro,0.9995538592338562
1008,1100,150,Pocill,0.9999887347221375
1009,1100,189,Pocill,0.9999912977218628
1010,1100,228,Pocill,0.9999984502792358
1011,1100,267,Pocill,0.9999505281448364
1012,1100,306,Pocill,0.9998780488967896
1013,1100,345,Pocill,0.4698597490787506
1014,1100,384,CCA,0.24859729409217834
1015,1100,423,Pocill,0.9920616149902344
1016,1100,462,Pocill,0.9999797940254211
1017,1100,501,Pocill,0.9999342560768127
1018,1100,540,Pocill,0.6396822333335876
1019,1100,579,Macro,0.9180566668510437
1020,1100,618,Macro,0.9087388515472412
1021,1100,657,CCA,0.12306416034698486
1022,1100,696,Porit,0.503709614276886
1023,1100,735,Pocill,0.9994759559631348
1024,1100,774,Pocill,0.9999328851699829
1025,1100,813,Pocill,0.9980474710464478
1026,1100,852,CCA,0.9944763779640198
1027,1100,891,CCA,0.9260077476501465
1028,1100,930,Pocill,0.9996812343597412
1029,1100,969,CCA,0.2538599967956543
1030,1100,1008,Pocill,0.13510185480117798
1031,1100,1047,Acrop,0.9293807148933411
1032,1100,1086,Acrop,0.9641686081886292
1033,1100,1125,Acrop,0.9888571500778198
1034,1100,1164,Acrop,0.9804237484931946
1035,1100,1203,Acrop,0.8997092247009277
1036,1100,1242,CCA,0.8881082534790039
1037,1100,1281,CCA,0.9501921534538269
1038,1100,1320,CCA,0.8847410678863525
1039,1100,1359,CCA,0.9525473117828369
1040,1100,1398,CCA,0.992328941822052
1041,1100,1437,CCA,0.9965018630027771
1042,1100,1476,CCA,0.9974812269210815
1043,1100,1515,CCA,0.9965951442718506
1044,1100,1554,CCA,0.8805884122848511
1045,1100,1593,CCA,0.9965578317642212
1046,1100,1632,CCA,0.9961399435997009
1047,1100,1671,CCA,0.9998210668563843
1048,1100,1710,CCA,0.9989284873008728
1049,1100,1750,CCA,0.8977115154266357
1050,1140,150,Pocill,0.9999457597732544
1051,1140,189,Pocill,0.9999955892562866
1052,1140,228,Pocill,0.999779999256134
1053,1140,267,Pocill,0.999932050704956
1054,1140,306,Pocill,0.9999231100082397
1055,1140,345,Pocill,0.9999158978462219
1056,1140,384,Pocill,0.999748945236206
1057,1140,423,Pocill,0.9842232465744019
1058,1140,462,Pocill,0.9940460324287415
1059,1140,501,Pocill,0.999970555305481
1060,1140,540,Pocill,0.6974657773971558
1061,1140,579,Macro,0.7963069081306458
1062,1140,618,Pocill,0.9999211430549622
1063,1140,657,Pocill,0.9964392781257629
1064,1140,696,Pocill,0.9972070455551147
1065,1140,735,Pocill,0.9999677538871765
1066,1140,774,Pocill,0.9999933838844299
1067,1140,813,Pocill,0.9999901056289673
1068,1140,852,Pocill,0.9903104901313782
1069,1140,891,Pocill,0.9991188049316406
1070,1140,930,Pocill,0.9996294975280762
1071,1140,969,Pocill,0.9985665678977966
1072,1140,1008,Acrop,0.8498770594596863
1073,1140,1047,Acrop,0.9988698959350586
1074,1140,1086,Acrop,0.9953336119651794
1075,1140,1125,Acrop,0.9963378310203552
1076,1140,1164,Acrop,0.9514794945716858
1077,1140,1203,CCA,0.9702012538909912
1078,1140,1242,Macro,0.9979729056358337
1079,1140,1281,CCA,0.6188551783561707
1080,1140,1320,CCA,0.9859493970870972
1081,1140,1359,CCA,0.9914244413375854
1082,1140,1398,CCA,0.9854415059089661
1083,1140,1437,CCA,0.9778216481208801
1084,1140,1476,CCA,0.9913119077682495
1085,1140,1515,CCA,0.9993093609809875
1086,1140,1554,CCA,0.9986960887908936
1087,1140,1593,CCA,0.9994726181030273
1088,1140,1632,CCA,0.9896320700645447
1089,1140,1671,CCA,0.9995238780975342
1090,1140,1710,CCA,0.985978901386261
1091,1140,1750,CCA,0.9798637628555298
1092,1179,150,Pocill,0.9999417662620544
1093,1179,189,Pocill,0.9999971389770508
1094,1179,228,Pocill,0.9999565482139587
1095,1179,267,Pocill,0.9999915361404419
1096,1179,306,Pocill,0.9999949932098389
1097,1179,345,Pocill,0.9999792575836182
1098,1179,384,Pocill,0.9988921880722046
1099,1179,423,Pocill,0.9973832368850708
1100,1179,462,CCA,0.8347412943840027
1101,1179,501,CCA,0.867009699344635
1102,1179,540,Pocill,0.9981520771980286
1103,1179,579,Pocill,0.9997897744178772
1104,1179,618,Pocill,0.9998970627784729
1105,1179,657,Pocill,0.999828040599823
1106,1179,696,Pocill,0.999981164932251
1107,1179,735,Pocill,0.9999451041221619
1108,1179,774,Pocill,0.9999632239341736
1109,1179,813,Pocill,0.999832034111023
1110,1179,852,Pocill,0.9993155598640442
1111,1179,891,Pocill,0.9953963756561279
1112,1179,930,Pocill,0.9998686909675598
1113,1179,969,Pocill,0.9997493028640747
1114,1179,1008,Acrop,0.9344044923782349
1115,1179,1047,Acrop,0.9990666508674622
1116,1179,1086,Acrop,0.998076856136322
1117,1179,1125,Acrop,0.996834933757782
1118,1179,1164,Acrop,0.4213756322860718
1119,1179,1203,CCA,0.9987932443618774
1120,1179,1242,Macro,0.6748313903808594
1121,1179,1281,Macro,0.9303416609764099
1122,1179,1320,Macro,0.9941082000732422
1123,1179,1359,CCA,0.3823905885219574
1124,1179,1398,CCA,0.958578884601593
1125,1179,1437,CCA,0.9949893355369568
1126,1179,1476,CCA,0.9990630149841309
1127,1179,1515,CCA,0.9985608458518982
1128,1179,1554,CCA,0.9961761236190796
1129,1179,1593,CCA,0.9475258588790894
1130,1179,1632,CCA,0.9152743816375732
1131,1179,1671,CCA,0.94770348072052
1132,1179,1710,CCA,0.9887180924415588
1133,1179,1750,CCA,0.9867996573448181
1134,1219,150,Pocill,0.9999960660934448
1135,1219,189,Pocill,0.9999975562095642
1136,1219,228,Pocill,0.9997929334640503
1137,1219,267,Pocill,0.995142936706543
1138,1219,306,CCA,0.4494340717792511
1139,1219,345,Pocill,0.9975136518478394
1140,1219,384,Pocill,0.997020423412323
1141,1219,423,Pocill,0.9876283407211304
1142,1219,462,CCA,0.8131135702133179
1143,1219,501,CCA,0.3266451358795166
1144,1219,540,Pocill,0.999868631362915
1145,1219,579,Pocill,0.999890923500061
1146,1219,618,Pocill,0.9999427199363708
1147,1219,657,Pocill,0.9999949336051941
1148,1219,696,Pocill,0.9999845623970032
1149,1219,735,Pocill,0.9999683499336243
1150,1219,774,Pocill,0.9999298453330994
1151,1219,813,Pocill,0.9996883273124695
1152,1219,852,Pocill,0.9998232126235962
1153,1219,891,Pocill,0.993822455406189
1154,1219,930,Pocill,0.9997999668121338
1155,1219,969,Pocill,0.9999268054962158
1156,1219,1008,Pocill,0.8982906937599182
1157,1219,1047,Acrop,0.8396664261817932
1158,1219,1086,Acrop,0.9901136159896851
1159,1219,1125,Acrop,0.9878813028335571
1160,1219,1164,CCA,0.7008618116378784
1161,1219,1203,CCA,0.9997019171714783
1162,1219,1242,CCA,0.9949374794960022
1163,1219,1281,CCA,0.985348105430603
1164,1219,1320,Macro,0.6097491383552551
1165,1219,1359,Macro,0.9260371327400208
1166,1219,1398,Macro,0.9982816576957703
1167,1219,1437,CCA,0.9877894520759583
1168,1219,1476,CCA,0.9987089037895203
1169,1219,1515,CCA,0.9961292743682861
1170,1219,1554,CCA,0.9992073178291321
1171,1219,1593,CCA,0.9653245210647583
1172,1219,1632,Macro,0.987956702709198
1173,1219,1671,Macro,0.9974841475486755
1174,1219,1710,Macro,0.8836407661437988
1175,1219,1750,CCA,0.973500669002533
1176,1259,150,Pocill,0.9999883770942688
1177,1259,189,Pocill,0.9999446272850037
1178,1259,228,Pocill,0.9999625086784363
1179,1259,267,Pocill,0.6183997988700867
1180,1259,306,Macro,0.9995871782302856
1181,1259,345,CCA,0.7765817642211914
1182,1259,384,CCA,0.9732437133789062
1183,1259,423,CCA,0.8840082883834839
1184,1259,462,CCA,0.9627717137336731
1185,1259,501,Pocill,0.9993511438369751
1186,1259,540,Pocill,0.9998088479042053
1187,1259,579,Pocill,0.9998801350593567
1188,1259,618,Pocill,0.9999759197235107
1189,1259,657,Pocill,0.9999911785125732
1190,1259,696,Pocill,0.9999483823776245
1191,1259,735,Pocill,0.9999213218688965
1192,1259,774,Pocill,0.9999650120735168
1193,1259,813,Pocill,0.9999600052833557
1194,1259,852,Pocill,0.999606728553772
1195,1259,891,Pocill,0.9989314675331116
1196,1259,930,Pocill,0.9997865557670593
1197,1259,969,Pocill,0.999559223651886
1198,1259,1008,Pocill,0.9998500347137451
1199,1259,1047,Pocill,0.999284565448761
1200,1259,1086,Pocill,0.9989278316497803
1201,1259,1125,Macro,0.9989731311798096
1202,1259,1164,CCA,0.9975931644439697
1203,1259,1203,CCA,0.9997946619987488
1204,1259,1242,CCA,0.7977883815765381
1205,1259,1281,CCA,0.965952455997467
1206,1259,1320,CCA,0.8955717086791992
1207,1259,1359,CCA,0.9377138018608093
1208,1259,1398,CCA,0.29683130979537964
1209,1259,1437,CCA,0.9778571724891663
1210,1259,1476,CCA,0.9877502918243408
1211,1259,1515,CCA,0.9987682104110718
1212,1259,1554,CCA,0.9911337494850159
1213,1259,1593,Macro,0.9956463575363159
1214,1259,1632,Macro,0.9998924732208252
1215,1259,1671,CCA,0.12450295686721802
1216,1259,1710,Macro,0.967268168926239
1217,1259,1750,CCA,0.9976916909217834
1218,1298,150,Pocill,0.9988566040992737
1219,1298,189,Pocill,0.9997043609619141
1220,1298,228,Pocill,0.9970701336860657
1221,1298,267,CCA,0.6596884727478027
1222,1298,306,Macro,0.9896876215934753
1223,1298,345,CCA,0.86722332239151
1224,1298,384,CCA,0.9535300731658936
1225,1298,423,CCA,0.9487424492835999
1226,1298,462,Pocill,0.9978646039962769
1227,1298,501,CCA,0.4489709138870239
1228,1298,540,Pocill,0.9999771118164062
1229,1298,579,Pocill,0.999993622303009
1230,1298,618,Pocill,0.9999868869781494
1231,1298,657,Pocill,0.9999627470970154
1232,1298,696,Pocill,0.9999926090240479
1233,1298,735,Pocill,0.999989926815033
1234,1298,774,Pocill,0.999982476234436
1235,1298,813,Pocill,0.9999831914901733
1236,1298,852,Pocill,0.9997159242630005
1237,1298,891,Pocill,0.999756395816803
1238,1298,930,Pocill,0.9999564290046692
1239,1298,969,Pocill,0.9999733567237854
1240,1298,1008,Pocill,0.9999468922615051
1241,1298,1047,Pocill,0.9998842477798462
1242,1298,1086,Pocill,0.9998307824134827
1243,1298,1125,CCA,0.13193011283874512
1244,1298,1164,CCA,0.9999576210975647
1245,1298,1203,CCA,0.9999622702598572
1246,1298,1242,CCA,0.9941263794898987
1247,1298,1281,CCA,0.9992700815200806
1248,1298,1320,CCA,0.9998674988746643
1249,1298,1359,CCA,0.9987563490867615
1250,1298,1398,CCA,0.9899430871009827
1251,1298,1437,CCA,0.8849236369132996
1252,1298,1476,CCA,0.5260007381439209
1253,1298,1515,CCA,0.17310628294944763
1254,1298,1554,CCA,0.34380042552948
1255,1298,1593,Macro,0.9990970492362976
1256,1298,1632,Macro,0.9993730187416077
1257,1298,1671,Macro,0.008896023035049438
1258,1298,1710,CCA,0.868981122970581
1259,1298,1750,CCA,0.9994558691978455
1260,1338,150,CCA,0.43573305010795593
1261,1338,189,Macro,0.9142724871635437
1262,1338,228,CCA,0.6483784914016724
1263,1338,267,CCA,0.8839170336723328
1264,1338,306,CCA,0.9332283139228821
1265,1338,345,CCA,0.9688693881034851
1266,1338,384,CCA,0.9971951246261597
1267,1338,423,CCA,0.9412205219268799
1268,1338,462,Pocill,0.99996417760849
1269,1338,501,Pocill,0.9832430481910706
1270,1338,540,Pocill,0.9999861121177673
1271,1338,579,Pocill,0.9999939203262329
1272,1338,618,Pocill,0.9999517202377319
1273,1338,657,Pocill,0.9995745420455933
1274,1338,696,Pocill,0.9999634027481079
1275,1338,735,Pocill,0.9999499320983887
1276,1338,774,Pocill,0.9999152421951294
1277,1338,813,Pocill,0.9998205304145813
1278,1338,852,Pocill,0.9999679923057556
1279,1338,891,Pocill,0.9998877048492432
1280,1338,930,Pocill,0.9999465346336365
1281,1338,969,Pocill,0.9999934434890747
1282,1338,1008,Pocill,0.9999046325683594
1283,1338,1047,Pocill,0.9997456669807434
1284,1338,1086,Pocill,0.999796450138092
1285,1338,1125,Pocill,0.07776749134063721
1286,1338,1164,Pocill,0.9872707724571228
1287,1338,1203,CCA,0.9980707168579102
1288,1338,1242,CCA,0.9996353387832642
1289,1338,1281,CCA,0.9999445080757141
1290,1338,1320,CCA,0.9994334578514099
1291,1338,1359,CCA,0.99974125623703
1292,1338,1398,CCA,0.9756172895431519
1293,1338,1437,CCA,0.6727420091629028
1294,1338,1476,CCA,0.5882891416549683
1295,1338,1515,Macro,0.7873915433883667
1296,1338,1554,Macro,0.9960122108459473
1297,1338,1593,Macro,0.9998442530632019
1298,1338,1632,Macro,0.9999854564666748
1299,1338,1671,Macro,0.9990780353546143
1300,1338,1710,Macro,0.9982157945632935
1301,1338,1750,Macro,0.9993399381637573
1302,1377,150,Macro,0.9453359246253967
1303,1377,189,CCA,0.7258002161979675
1304,1377,228,CCA,0.8953412771224976
1305,1377,267,CCA,0.9437295794487
1306,1377,306,CCA,0.9581015110015869
1307,1377,345,Macro,0.9986771941184998
1308,1377,384,Pocill,0.9999915361404419
1309,1377,423,Pocill,0.9999107122421265
1310,1377,462,Pocill,0.9999605417251587
1311,1377,501,Pocill,0.9999829530715942
1312,1377,540,Pocill,0.9776401519775391
1313,1377,579,Pocill,0.9977738261222839
1314,1377,618,Pocill,0.9999843835830688
1315,1377,657,Pocill,0.9997587203979492
1316,1377,696,Pocill,0.9991512894630432
1317,1377,735,Pocill,0.9997103810310364
1318,1377,774,Pocill,0.9987779259681702
1319,1377,813,Pocill,0.9999547600746155
1320,1377,852,Pocill,0.9999496340751648
1321,1377,891,Pocill,0.9991351962089539
1322,1377,930,Pocill,0.9998056292533875
1323,1377,969,Pocill,0.9997340440750122
1324,1377,1008,Pocill,0.9999422430992126
1325,1377,1047,Pocill,0.9997832775115967
1326,1377,1086,Pocill,0.9998023509979248
1327,1377,1125,Pocill,0.9999802708625793
1328,1377,1164,Pocill,0.999980628490448
1329,1377,1203,CCA,0.9863142967224121
1330,1377,1242,CCA,0.9904805421829224
1331,1377,1281,CCA,0.9995927810668945
1332,1377,1320,CCA,0.9294984936714172
1333,1377,1359,CCA,0.999809741973877
1334,1377,1398,CCA,0.9927486181259155
1335,1377,1437,Macro,0.9421319961547852
1336,1377,1476,Macro,0.9894341230392456
1337,1377,1515,Macro,0.9999052286148071
1338,1377,1554,CCA,0.7789880633354187
1339,1377,1593,Macro,0.9800389409065247
1340,1377,1632,Macro,0.9997553825378418
1341,1377,1671,Macro,0.9992751479148865
1342,1377,1710,Macro,0.9999672770500183
1343,1377,1750,Macro,0.9999570250511169
1344,1417,150,Macro,0.9276931285858154
1345,1417,189,CCA,0.9063017964363098
1346,1417,228,CCA,0.4991943836212158
1347,1417,267,Pocill,0.9997456073760986
1348,1417,306,Pocill,0.9999192357063293
1349,1417,345,Pocill,0.9999946355819702
1350,1417,384,Pocill,0.999985933303833
1351,1417,423,Pocill,0.9999712109565735
1352,1417,462,Pocill,0.9999825358390808
1353,1417,501,Pocill,0.999983549118042
1354,1417,540,Pocill,0.999991238117218
1355,1417,579,Pocill,0.9999688863754272
1356,1417,618,Pocill,0.9999644160270691
1357,1417,657,Pocill,0.9999380707740784
1358,1417,696,Pocill,0.9999774694442749
1359,1417,735,Pocill,0.9999861121177673
1360,1417,774,Pocill,0.99839848279953
1361,1417,813,Pocill,0.9999497532844543
1362,1417,852,Pocill,0.9999204874038696
1363,1417,891,Pocill,0.9989296793937683
1364,1417,930,Pocill,0.9999493956565857
1365,1417,969,Pocill,0.9999375343322754
1366,1417,1008,Pocill,0.9999780654907227
1367,1417,1047,Pocill,0.999898374080658
1368,1417,1086,Pocill,0.9987795352935791
1369,1417,1125,Pocill,0.9999645948410034
1370,1417,1164,Pocill,0.9999098777770996
1371,1417,1203,CCA,0.8861477375030518
1372,1417,1242,CCA,0.07366865873336792
1373,1417,1281,Macro,0.9692771434783936
1374,1417,1320,Macro,0.999030590057373
1375,1417,1359,Macro,0.4150853455066681
1376,1417,1398,CCA,0.802279531955719
1377,1417,1437,CCA,0.8963404297828674
1378,1417,1476,Macro,0.9983760118484497
1379,1417,1515,Macro,0.9999333024024963
1380,1417,1554,Macro,0.9992823004722595
1381,1417,1593,CCA,0.9811453223228455
1382,1417,1632,CCA,0.8796334266662598
1383,1417,1671,Macro,0.999825119972229
1384,1417,1710,Macro,0.9994034171104431
1385,1417,1750,CCA,0.43344175815582275
1386,1457,150,CCA,0.06625634431838989
1387,1457,189,CCA,0.40926074981689453
1388,1457,228,CCA,0.9426131248474121
1389,1457,267,Pocill,0.999703586101532
1390,1457,306,Pocill,0.9999573826789856
1391,1457,345,Pocill,0.9999643564224243
1392,1457,384,Pocill,0.9999685287475586
1393,1457,423,Pocill,0.999959409236908
1394,1457,462,Pocill,0.9999685287475586
1395,1457,501,Pocill,0.9999416470527649
1396,1457,540,Pocill,0.9999880194664001
1397,1457,579,Pocill,0.9999237656593323
1398,1457,618,Pocill,0.9998015761375427
1399,1457,657,Pocill,0.9999780654907227
1400,1457,696,Pocill,0.9999749064445496
1401,1457,735,Pocill,0.9998692870140076
1402,1457,774,Pocill,0.9997621774673462
1403,1457,813,Pocill,0.9993105530738831
1404,1457,852,Pocill,0.9999186396598816
1405,1457,891,Pocill,0.9998000264167786
1406,1457,930,Pocill,0.9999443888664246
1407,1457,969,Pocill,0.9998534917831421
1408,1457,1008,Pocill,0.9999840259552002
1409,1457,1047,Pocill,0.9999507069587708
1410,1457,1086,Pocill,0.9999568462371826
1411,1457,1125,Pocill,0.999940812587738
1412,1457,1164,Pocill,0.9998278617858887
1413,1457,1203,Pocill,0.998132586479187
1414,1457,1242,Pocill,0.9999465942382812
1415,1457,1281,CCA,0.8400650024414062
1416,1457,1320,Macro,0.9798400402069092
1417,1457,1359,CCA,0.9981615543365479
1418,1457,1398,CCA,0.9958590865135193
1419,1457,1437,CCA,0.9163897037506104
1420,1457,1476,Macro,0.9990989565849304
1421,1457,1515,Macro,0.9999259114265442
1422,1457,1554,Macro,0.9683238863945007
1423,1457,1593,CCA,0.8433371782302856
1424,1457,1632,CCA,0.6224790811538696
1425,1457,1671,CCA,0.719245970249176
1426,1457,1710,CCA,0.8103282451629639
1427,1457,1750,CCA,0.9708042144775391
1428,1496,150,Turf,0.004118293523788452
1429,1496,189,CCA,0.20105108618736267
1430,1496,228,CCA,0.9772979617118835
1431,1496,267,CCA,0.6898906230926514
1432,1496,306,Pocill,0.9668663740158081
1433,1496,345,Pocill,0.9775621294975281
1434,1496,384,Pocill,0.999900221824646
1435,1496,423,Pocill,0.999987006187439
1436,1496,462,Pocill,0.9999902844429016
1437,1496,501,Pocill,0.9998631477355957
1438,1496,540,Pocill,0.9998405575752258
1439,1496,579,Pocill,0.999722421169281
1440,1496,618,Pocill,0.9998370409011841
1441,1496,657,Pocill,0.9998068809509277
1442,1496,696,Pocill,0.999924898147583
1443,1496,735,Pocill,0.9993410110473633
1444,1496,774,Pocill,0.9992934465408325
1445,1496,813,Pocill,0.999933660030365
1446,1496,852,Pocill,0.9999628663063049
1447,1496,891,Pocill,0.9999163746833801
1448,1496,930,Pocill,0.9999668002128601
1449,1496,969,Pocill,0.9998791217803955
1450,1496,1008,Pocill,0.999894917011261
1451,1496,1047,Pocill,0.9999307990074158
1452,1496,1086,Pocill,0.9998818635940552
1453,1496,1125,Pocill,0.9999472498893738
1454,1496,1164,Pocill,0.9999039173126221
1455,1496,1203,Pocill,0.9999631643295288
1456,1496,1242,Pocill,0.9999774098396301
1457,1496,1281,CCA,0.20871198177337646
1458,1496,1320,CCA,0.9536179304122925
1459,1496,1359,CCA,0.9842883944511414
1460,1496,1398,CCA,0.9987170100212097
1461,1496,1437,Macro,0.7512985467910767
1462,1496,1476,Macro,0.9999925494194031
1463,1496,1515,Macro,0.9999892711639404
1464,1496,1554,CCA,0.5928798913955688
1465,1496,1593,CCA,0.8733165264129639
1466,1496,1632,CCA,0.7460490465164185
1467,1496,1671,CCA,0.817868709564209
1468,1496,1710,CCA,0.9814583659172058
1469,1496,1750,CCA,0.9962833523750305
1470,1536,150,CCA,0.24682581424713135
1471,1536,189,CCA,0.9264408946037292
1472,1536,228,Pocill,0.9999234080314636
1473,1536,267,Pocill,0.9999486804008484
1474,1536,306,Pocill,0.9999666810035706
1475,1536,345,Pocill,0.9999857544898987
1476,1536,384,Pocill,0.9999558329582214
1477,1536,423,Pocill,0.9999889731407166
1478,1536,462,Pocill,0.9999445080757141
1479,1536,501,Pocill,0.9999414086341858
1480,1536,540,Pocill,0.9998596906661987
1481,1536,579,Pocill,0.9999563694000244
1482,1536,618,Pocill,0.999962568283081
1483,1536,657,Pocill,0.9996759295463562
1484,1536,696,Pocill,0.9985085725784302
1485,1536,735,Pocill,0.9978543519973755
1486,1536,774,Pocill,0.9859688878059387
1487,1536,813,Pocill,0.9999258518218994
1488,1536,852,Pocill,0.9999709129333496
1489,1536,891,Pocill,0.999921977519989
1490,1536,930,Pocill,0.9999709725379944
1491,1536,969,Pocill,0.9998944401741028
1492,1536,1008,Pocill,0.9999079704284668
1493,1536,1047,Pocill,0.9999770522117615
1494,1536,1086,Pocill,0.9998289346694946
1495,1536,1125,Pocill,0.9999650120735168
1496,1536,1164,Pocill,0.9999452233314514
1497,1536,1203,Pocill,0.9999566078186035
1498,1536,1242,Pocill,0.999904990196228
1499,1536,1281,Pocill,0.9977495074272156
1500,1536,1320,CCA,0.9995000958442688
1501,1536,1359,CCA,0.9078943729400635
1502,1536,1398,Macro,0.9999439120292664
1503,1536,1437,CCA,0.802850067615509
1504,1536,1476,Macro,0.999896764755249
1505,1536,1515,Macro,0.9999703168869019
1506,1536,1554,CCA,0.34967026114463806
1507,1536,1593,Macro,0.999794065952301
1508,1536,1632,CCA,0.7474508285522461
1509,1536,1671,CCA,0.9620903730392456
1510,1536,1710,CCA,0.9962979555130005
1511,1536,1750,CCA,0.9980064630508423
1512,1575,150,Macro,0.14130008220672607
1513,1575,189,CCA,0.8966875672340393
1514,1575,228,Pocill,0.9655973315238953
1515,1575,267,Pocill,0.9999793767929077
1516,1575,306,Pocill,0.9999923706054688
1517,1575,345,Pocill,0.9999818205833435
1518,1575,384,Pocill,0.9999639987945557
1519,1575,423,Pocill,0.9999952912330627
1520,1575,462,Pocill,0.999985933303833
1521,1575,501,Pocill,0.9999925494194031
1522,1575,540,Pocill,0.9999915361404419
1523,1575,579,Pocill,0.9999197125434875
1524,1575,618,Pocill,0.9999927282333374
1525,1575,657,Pocill,0.9998795986175537
1526,1575,696,Pocill,0.9999861121177673
1527,1575,735,Pocill,0.9999685287475586
1528,1575,774,Pocill,0.9999309182167053
1529,1575,813,Pocill,0.9994506239891052
1530,1575,852,Pocill,0.9997603893280029
1531,1575,891,Pocill,0.9999631643295288
1532,1575,930,Pocill,0.9999657273292542
1533,1575,969,Pocill,0.9999690055847168
1534,1575,1008,Pocill,0.9996622204780579
1535,1575,1047,Pocill,0.9999563097953796
1536,1575,1086,Pocill,0.9998286366462708
1537,1575,1125,Pocill,0.9999715685844421
1538,1575,1164,Pocill,0.9999165534973145
1539,1575,1203,Pocill,0.9999545216560364
1540,1575,1242,Pocill,0.9998916387557983
1541,1575,1281,Pocill,0.999416708946228
1542,1575,1320,CCA,0.5418977737426758
1543,1575,1359,Macro,0.20524486899375916
1544,1575,1398,Macro,0.9999885559082031
1545,1575,1437,Macro,0.9999264478683472
1546,1575,1476,Macro,0.9999670386314392
1547,1575,1515,Macro,0.9911333322525024
1548,1575,1554,Macro,0.9994384050369263
1549,1575,1593,Macro,0.9807270169258118
1550,1575,1632,CCA,0.8495341539382935
1551,1575,1671,CCA,0.9879179000854492
1552,1575,1710,CCA,0.9700852036476135
1553,1575,1750,CCA,0.9913392663002014
1554,1615,150,CCA,0.8388658165931702
1555,1615,189,Pocill,0.9877272248268127
1556,1615,228,Pocill,0.9999024271965027
1557,1615,267,Pocill,0.9999908208847046
1558,1615,306,Pocill,0.9999964833259583
1559,1615,345,Pocill,0.9999955892562866
1560,1615,384,Pocill,0.999984860420227
1561,1615,423,Pocill,0.9999918937683105
1562,1615,462,Pocill,0.9998931884765625
1563,1615,501,Pocill,0.999912440776825
1564,1615,540,Pocill,0.9999204874038696
1565,1615,579,Pocill,0.9987860918045044
1566,1615,618,Pocill,0.9999915957450867
1567,1615,657,Pocill,0.9999244213104248
1568,1615,696,Pocill,0.9999642968177795
1569,1615,735,Pocill,0.9999889135360718
1570,1615,774,Pocill,0.9998446106910706
1571,1615,813,Pocill,0.9998031854629517
1572,1615,852,Pocill,0.9999006390571594
1573,1615,891,Pocill,0.999943733215332
1574,1615,930,Pocill,0.999695897102356
1575,1615,969,Pocill,0.9999487400054932
1576,1615,1008,Pocill,0.9995134472846985
1577,1615,1047,Pocill,0.9999328255653381
1578,1615,1086,Pocill,0.9999093413352966
1579,1615,1125,Pocill,0.9999783039093018
1580,1615,1164,Pocill,0.9998540878295898
1581,1615,1203,Pocill,0.9999361038208008
1582,1615,1242,Pocill,0.9997314810752869
1583,1615,1281,Macro,0.6947040557861328
1584,1615,1320,Macro,0.9999341368675232
1585,1615,1359,CCA,0.9059743285179138
1586,1615,1398,CCA,0.8074342012405396
1587,1615,1437,CCA,0.9866924285888672
1588,1615,1476,CCA,0.9983406066894531
1589,1615,1515,CCA,0.9969527721405029
1590,1615,1554,CCA,0.9760558605194092
1591,1615,1593,CCA,0.9761785864830017
1592,1615,1632,CCA,0.9759477972984314
1593,1615,1671,CCA,0.9922252297401428
1594,1615,1710,CCA,0.9799221158027649
1595,1615,1750,CCA,0.9868544340133667
1596,1655,150,CCA,0.9221910834312439
1597,1655,189,Pocill,0.9999669194221497
1598,1655,228,Pocill,0.9999855756759644
1599,1655,267,Pocill,0.9999991059303284
1600,1655,306,Pocill,0.9999903440475464
1601,1655,345,Pocill,0.9999169707298279
1602,1655,384,Pocill,0.9999769330024719
1603,1655,423,Pocill,0.9999381899833679
1604,1655,462,Pocill,0.999968409538269
1605,1655,501,Pocill,0.9999908208847046
1606,1655,540,Pocill,0.9999794960021973
1607,1655,579,Pocill,0.999962329864502
1608,1655,618,Pocill,0.9999634027481079
1609,1655,657,Pocill,0.9998927116394043
1610,1655,696,Pocill,0.9999658465385437
1611,1655,735,Pocill,0.9999155402183533
1612,1655,774,Pocill,0.9999902844429016
1613,1655,813,Pocill,0.9999014139175415
1614,1655,852,Pocill,0.9999544620513916
1615,1655,891,Pocill,0.9996931552886963
1616,1655,930,Pocill,0.8147002458572388
1617,1655,969,Pocill,0.9998092651367188
1618,1655,1008,Pocill,0.999737560749054
1619,1655,1047,Pocill,0.99983811378479
1620,1655,1086,Pocill,0.9999745488166809
1621,1655,1125,Pocill,0.9999775886535645
1622,1655,1164,Pocill,0.9978628158569336
1623,1655,1203,Pocill,0.9737228155136108
1624,1655,1242,Pocill,0.9998501539230347
1625,1655,1281,Pocill,0.9998837113380432
1626,1655,1320,Pocill,0.99991375207901
1627,1655,1359,CCA,0.9126056432723999
1628,1655,1398,CCA,0.9930744767189026
1629,1655,1437,CCA,0.9990496635437012
1630,1655,1476,CCA,0.998881459236145
1631,1655,1515,CCA,0.9977068901062012
1632,1655,1554,CCA,0.9931595921516418
1633,1655,1593,CCA,0.9854306578636169
1634,1655,1632,CCA,0.9862537384033203
1635,1655,1671,CCA,0.9854653477668762
1636,1655,1710,CCA,0.9019566178321838
1637,1655,1750,CCA,0.8501877188682556
1638,1694,150,CCA,0.9504414796829224
1639,1694,189,Pocill,0.9998917579650879
1640,1694,228,Pocill,0.9999842047691345
1641,1694,267,Pocill,0.9999905824661255
1642,1694,306,Pocill,0.9999775886535645
1643,1694,345,Pocill,0.9999417662620544
1644,1694,384,Pocill,0.9999725818634033
1645,1694,423,Pocill,0.9999496936798096
1646,1694,462,Pocill,0.9999099969863892
1647,1694,501,Pocill,0.9999691843986511
1648,1694,540,Pocill,0.9999623894691467
1649,1694,579,Pocill,0.999992847442627
1650,1694,618,Pocill,0.9998931884765625
1651,1694,657,Pocill,0.999914288520813
1652,1694,696,Pocill,0.9999206066131592
1653,1694,735,Pocill,0.9999558329582214
1654,1694,774,Pocill,0.9994924664497375
1655,1694,813,Pocill,0.9999241828918457
1656,1694,852,Pocill,0.9998214244842529
1657,1694,891,Pocill,0.9877938032150269
1658,1694,930,Pocill,0.8051679134368896
1659,1694,969,Pocill,0.999880850315094
1660,1694,1008,Pocill,0.9997290372848511
1661,1694,1047,Pocill,0.9840017557144165
1662,1694,1086,Pocill,0.9998331665992737
1663,1694,1125,Pocill,0.9999428987503052
1664,1694,1164,Pocill,0.9999319911003113
1665,1694,1203,Pocill,0.9998665452003479
1666,1694,1242,Pocill,0.9993181228637695
1667,1694,1281,Pocill,0.9998717308044434
1668,1694,1320,Pocill,0.999993622303009
1669,1694,1359,CCA,0.6992063522338867
1670,1694,1398,CCA,0.9740628004074097
1671,1694,1437,CCA,0.9945354461669922
1672,1694,1476,CCA,0.998805820941925
1673,1694,1515,CCA,0.9311828017234802
1674,1694,1554,CCA,0.9877803921699524
1675,1694,1593,CCA,0.974890410900116
1676,1694,1632,Macro,0.9796023964881897
1677,1694,1671,CCA,0.9114376306533813
1678,1694,1710,CCA,0.8364274501800537
1679,1694,1750,CCA,0.682836651802063
1680,1734,150,CCA,0.8335806131362915
1681,1734,189,Pocill,0.9998649954795837
1682,1734,228,Pocill,0.999994695186615
1683,1734,267,Pocill,0.9996813535690308
1684,1734,306,Pocill,0.9999608993530273
1685,1734,345,Pocill,0.9999871253967285
1686,1734,384,Pocill,0.9999837875366211
1687,1734,423,Pocill,0.9998758435249329
1688,1734,462,Pocill,0.9999869465827942
1689,1734,501,Pocill,0.9999707937240601
1690,1734,540,Pocill,0.9971834421157837
1691,1734,579,Pocill,0.9690362811088562
1692,1734,618,Pocill,0.9844180345535278
1693,1734,657,Pocill,0.9990094304084778
1694,1734,696,Pocill,0.9995830655097961
1695,1734,735,Pocill,0.9996476769447327
1696,1734,774,Pocill,0.9999024868011475
1697,1734,813,Pocill,0.999651312828064
1698,1734,852,Pocill,0.9775853157043457
1699,1734,891,Pocill,0.9822041392326355
1700,1734,930,Pocill,0.9996716976165771
1701,1734,969,Pocill,0.9999539852142334
1702,1734,1008,Pocill,0.9999544620513916
1703,1734,1047,Pocill,0.9956942200660706
1704,1734,1086,Pocill,0.9781851172447205
1705,1734,1125,Pocill,0.9998399615287781
1706,1734,1164,Pocill,0.9999454617500305
1707,1734,1203,Pocill,0.99971604347229
1708,1734,1242,Pocill,0.9997693300247192
1709,1734,1281,Pocill,0.9997183084487915
1710,1734,1320,CCA,0.012112021446228027
1711,1734,1359,CCA,0.880307137966156
1712,1734,1398,Macro,0.16111335158348083
1713,1734,1437,Macro,0.9866258502006531
1714,1734,1476,Macro,0.8718531131744385
1715,1734,1515,CCA,0.8535098433494568
1716,1734,1554,CCA,0.9895421266555786
1717,1734,1593,Macro,0.9874089360237122
1718,1734,1632,Macro,0.9999958276748657
1719,1734,1671,CCA,0.22752201557159424
1720,1734,1710,CCA,0.5007855296134949
1721,1734,1750,Macro,0.056711822748184204
1722,1774,150,Pocill,0.9992184638977051
1723,1774,189,Pocill,0.9999943971633911
1724,1774,228,Pocill,0.9999892711639404
1725,1774,267,Pocill,0.999963104724884
1726,1774,306,Pocill,0.9999687075614929
1727,1774,345,Pocill,0.999987006187439
1728,1774,384,Pocill,0.9999819397926331
1729,1774,423,Pocill,0.9999613165855408
1730,1774,462,Pocill,0.9999759793281555
1731,1774,501,Pocill,0.9998378157615662
1732,1774,540,Pocill,0.9998888373374939
1733,1774,579,Pocill,0.9996597766876221
1734,1774,618,Pocill,0.9998218417167664
1735,1774,657,Pocill,0.9999740123748779
1736,1774,696,Pocill,0.9999212622642517
1737,1774,735,Pocill,0.999893844127655
1738,1774,774,Pocill,0.9998619556427002
1739,1774,813,Pocill,0.999963641166687
1740,1774,852,Pocill,0.9999521374702454
1741,1774,891,Pocill,0.7949562668800354
1742,1774,930,Pocill,0.9998263120651245
1743,1774,969,Pocill,0.9988847374916077
1744,1774,1008,Pocill,0.9999707937240601
1745,1774,1047,Pocill,0.9999392032623291
1746,1774,1086,Pocill,0.9844650626182556
1747,1774,1125,Pocill,0.9998708367347717
1748,1774,1164,Pocill,0.9998884797096252
1749,1774,1203,Pocill,0.9998264312744141
1750,1774,1242,Pocill,0.9998843669891357
1751,1774,1281,Pocill,0.786714494228363
1752,1774,1320,CCA,0.9515363574028015
1753,1774,1359,CCA,0.8032416105270386
1754,1774,1398,Macro,0.687462568283081
1755,1774,1437,Macro,0.9471494555473328
1756,1774,1476,Macro,0.9961066246032715
1757,1774,1515,CCA,0.9524984955787659
1758,1774,1554,CCA,0.9419703483581543
1759,1774,1593,CCA,0.9810841679573059
1760,1774,1632,CCA,0.9492291808128357
1761,1774,1671,Macro,0.9038357138633728
1762,1774,1710,CCA,0.9129456281661987
1763,1774,1750,CCA,0.9005418419837952
